Raid,Drops from,Item,URL,Warrior - Tank,Warrior - DPS,Druid - Feral,Druid - Balance,Druid - Resto,Hunter,Mage - Frost,Mage - Fire,Mage - Arcane,Warlock,Shaman - Enh,Shaman - Resto,Shaman - Ele,Paladin - Tank,Paladin - Holy,Paladin - Ret,Rogue,Priest - Holy,Priest - Shadow,Comment
Tempest Keep,Trash,Bands of the Celestial Archer,https://tbc.wowhead.com/item=30026,,,,,,2,,,,,2,,,,,3,,,,
Tempest Keep,Trash,Bark-Gloves of Ancient Wisdom,https://tbc.wowhead.com/item=30029,-,-,-,-,-,-,-,-,-,-,-,-,-,-,-,-,-,-,-,No priority
Tempest Keep,Trash,Fire-Cord of the Magus,https://tbc.wowhead.com/item=30020,-,-,-,-,-,-,-,-,-,-,-,-,-,-,-,-,-,-,-,No priority
Tempest Keep,Trash,Girdle of Fallen Stars,https://tbc.wowhead.com/item=30030,,,,,,,,,,,,1,,,2,,,,,
Tempest Keep,Trash,Mantle of the Elven Kings,https://tbc.wowhead.com/item=30024,-,-,-,-,-,-,-,-,-,-,-,-,-,-,-,-,-,-,-,No priority
Tempest Keep,Trash,Nether Vortex,https://tbc.wowhead.com/item=30183,-,-,-,-,-,-,-,-,-,-,-,-,-,-,-,-,-,-,-,No priority
Tempest Keep,Trash,Seventh Ring of the Tirisfalen,https://tbc.wowhead.com/item=30028,,,,,,,,,,,,,,1,,,,,,
Tempest Keep,Al'ar,Arcanite Steam-Pistol,https://tbc.wowhead.com/item=29949,,,,,,1,,,,,,,,,,,2,,,
Tempest Keep,Al'ar,Band of Al'ar,https://tbc.wowhead.com/item=29922,,,,,,,,,,,,,,1,,,,,1,
Tempest Keep,Al'ar,Claw of the Phoenix,https://tbc.wowhead.com/item=29948,,,,,,1,,,,,,,,,,,,,,
Tempest Keep,Al'ar,Fire Crest Breastplate,https://tbc.wowhead.com/item=29921,,,,,,,,,,,,1,,,2,,,,,
Tempest Keep,Al'ar,Gloves of the Searing Grip,https://tbc.wowhead.com/item=29947,1,2,1,,,,,,,,,,,,,1,,,,
Tempest Keep,Al'ar,Mindstorm Wristbands,https://tbc.wowhead.com/item=29918,,,,1,,,1,1,1,1,,,1,,,,,,2,
Tempest Keep,Al'ar,Netherbane,https://tbc.wowhead.com/item=29924,,1,,,,2,,,,,1,,,,,,,,,
Tempest Keep,Al'ar,Phoenix-Ring of Rebirth,https://tbc.wowhead.com/item=29920,,,,,,,,,,,,1,,,1,,,,,
Tempest Keep,Al'ar,Phoenix-Wing Cloak,https://tbc.wowhead.com/item=29925,1,,1,,,,,,,,,,,1,,,,,,
Tempest Keep,Al'ar,Talisman of the Sun King,https://tbc.wowhead.com/item=29923,-,-,-,-,-,-,-,-,-,-,-,-,-,-,-,-,-,-,-,No priority
Tempest Keep,Al'ar,Talon of Al'ar,https://tbc.wowhead.com/item=30448,,,,,,1,,,,,,,,,,,,,,
Tempest Keep,Al'ar,Talon of the Phoenix,https://tbc.wowhead.com/item=32944,,,,,,1,,,,,1,,,,,,,,,
Tempest Keep,Al'ar,Tome of Fiery Redemption,https://tbc.wowhead.com/item=30447,,,,,,,,,,,,,,1,,,,,,
Tempest Keep,Void Reaver,Cowl of the Grand Engineer,https://tbc.wowhead.com/item=29986,-,-,-,-,-,-,-,-,-,-,-,-,-,-,-,-,-,-,-,No priority
Tempest Keep,Void Reaver,Fel Reaver's Piston,https://tbc.wowhead.com/item=30619,-,-,-,-,-,-,-,-,-,-,-,-,-,-,-,-,-,-,-,No priority
Tempest Keep,Void Reaver,Fel-Steel Warhelm,https://tbc.wowhead.com/item=29983,-,-,-,-,-,-,-,-,-,-,-,-,-,-,-,-,-,-,-,No priority
Tempest Keep,Void Reaver,Girdle of Zaetar,https://tbc.wowhead.com/item=29984,,,,,1,,,,,,,,,,,,,,,
Tempest Keep,Void Reaver,Pauldrons of the Vanquished Champion,https://tbc.wowhead.com/item=30248,,,,,,,,,,,3,1,3,2,1,3,1,,,
Tempest Keep,Void Reaver,Pauldrons of the Vanquished Defender,https://tbc.wowhead.com/item=30249,1,2,1,1,2,,,,,,,,,,,,,1,2,
Tempest Keep,Void Reaver,Pauldrons of the Vanquished Hero,https://tbc.wowhead.com/item=30250,,,,,,1,3,3,1,2,,,,,,,,,,
Tempest Keep,Void Reaver,Void Reaver Greaves,https://tbc.wowhead.com/item=29985,-,-,-,-,-,-,-,-,-,-,-,-,-,-,-,-,-,-,-,No priority
Tempest Keep,Void Reaver,Warp-Spring Coil,https://tbc.wowhead.com/item=30450,,,,,,,,,,,,,,,,,1,,,
Tempest Keep,Void Reaver,Wristguards of Determination,https://tbc.wowhead.com/item=32515,2,,,,,,,,,,,,,,1,,,,,
Tempest Keep,Solarian,Boots of the Resilient,https://tbc.wowhead.com/item=32267,2,,,,,,,,,,,,,1,,,,,,
Tempest Keep,Solarian,Ethereum Life-Staff,https://tbc.wowhead.com/item=29981,-,-,-,-,-,-,-,-,-,-,-,-,-,-,-,-,-,-,-,No priority
Tempest Keep,Solarian,Girdle of the Righteous Path,https://tbc.wowhead.com/item=29965,,,,,,,,,,,,,,,1,,,,,
Tempest Keep,Solarian,Greaves of the Bloodwarder,https://tbc.wowhead.com/item=29950,-,-,-,-,-,-,-,-,-,-,-,-,-,-,-,-,-,-,-,No priority
Tempest Keep,Solarian,Heartrazor,https://tbc.wowhead.com/item=29962,,,,,,,,,,,,,,,,,1,,,
Tempest Keep,Solarian,Solarian's Sapphire,https://tbc.wowhead.com/item=30446,1,1,,,,,,,,,,,,,,,,,,
Tempest Keep,Solarian,Star-Soul Breeches,https://tbc.wowhead.com/item=29977,,,,,1,,,,,,,,,,,,,1,,
Tempest Keep,Solarian,Star-Strider Boots,https://tbc.wowhead.com/item=29951,,,,,,1,,,,,1,,,,,1,,,,
Tempest Keep,Solarian,Trousers of the Astromancer,https://tbc.wowhead.com/item=29972,-,-,-,-,-,-,-,-,-,-,-,-,-,-,-,-,-,-,-,No priority
Tempest Keep,Solarian,Vambraces of Ending,https://tbc.wowhead.com/item=29966,,,1,,,1,,,,,2,,,,,,1,,,
Tempest Keep,Solarian,Void Star Talisman,https://tbc.wowhead.com/item=30449,,,,,,,,,,1,,,,,,,,,,
Tempest Keep,Solarian,Wand of the Forgotten Star,https://tbc.wowhead.com/item=29982,,,,,,,1,1,,1,,,,,,,,,2,
Tempest Keep,Solarian,Worldstorm Gauntlets,https://tbc.wowhead.com/item=29976,,,,,,,,,,,,1,,,,,,,,
Tempest Keep,Kael'thas,Ashes of Al'ar,https://tbc.wowhead.com/item=32458,-,-,-,-,-,-,-,-,-,-,-,-,-,-,-,-,-,-,-,No priority
Tempest Keep,Kael'thas,Band of the Ranger-General,https://tbc.wowhead.com/item=29997,,1,3,,,1,,,,,1,,,,,2,2,,,
Tempest Keep,Kael'thas,Chestguard of the Vanquished Champion,https://tbc.wowhead.com/item=30236,,,,,,,,,,,1,2,2,3,2,4,4,,,
Tempest Keep,Kael'thas,Chestguard of the Vanquished Defender,https://tbc.wowhead.com/item=30237,1,4,2,3,4,,,,,,,,,,,,,4,3,
Tempest Keep,Kael'thas,Chestguard of the Vanquished Hero,https://tbc.wowhead.com/item=30238,,,,,,2,3,3,1,3,,,,,,,,,,
Tempest Keep,Kael'thas,Crown of the Sun,https://tbc.wowhead.com/item=29990,,,,,1,,,,,,,,,,,,,1,,
Tempest Keep,Kael'thas,Gauntlets of the Sun King,https://tbc.wowhead.com/item=29987,,,,,,,,,1,,,,,,,,,,,
Tempest Keep,Kael'thas,Leggings of Murderous Intent,https://tbc.wowhead.com/item=29995,,2,,,,1,,,,,,,,,,,,,,
Tempest Keep,Kael'thas,Rod of the Sun King,https://tbc.wowhead.com/item=29996,,2,,,,,,,,,,,1,,,,,,,
Tempest Keep,Kael'thas,Royal Cloak of the Sunstriders,https://tbc.wowhead.com/item=29992,,,,1,,,,1,1,1,,,,2,,,,,1,
Tempest Keep,Kael'thas,Royal Gauntlets of Silvermoon,https://tbc.wowhead.com/item=29998,1,,,,,,,,,,,,,2,,,,,,
Tempest Keep,Kael'thas,Sunhawk Leggings,https://tbc.wowhead.com/item=29991,,,,,,,,,,,,1,,,2,,,,,
Tempest Keep,Kael'thas,Sunshower Light Cloak,https://tbc.wowhead.com/item=29989,,,,,1,,,,,,,1,,,1,,,1,,
Tempest Keep,Kael'thas,Thalassian Wildercloak,https://tbc.wowhead.com/item=29994,,,2,,,1,,,,,2,,,,,,,,,
Tempest Keep,Kael'thas,The Nexus Key,https://tbc.wowhead.com/item=29988,,,,1,,,,,1,2,,,1,,,,,,2,
Tempest Keep,Kael'thas,Twinblade of the Phoenix,https://tbc.wowhead.com/item=29993,,1,,,,1,,,,,,,,,,1,,,,
Tempest Keep,Kael'thas,Verdant Sphere,https://tbc.wowhead.com/item=32405,,,,3,4,1,3,3,2,3,,4,2,1,4,,,4,,
Serpentshrine Cavern,Trash,Boots of Courage Unending,https://tbc.wowhead.com/item=30027,,,,,,,,,,,,,,,1,,,,,
Serpentshrine Cavern,Trash,Pendant of the Perilous,https://tbc.wowhead.com/item=30022,,1,,,,,,,,,2,,,,,1,,,,
Serpentshrine Cavern,Trash,Serpentshrine Shuriken,https://tbc.wowhead.com/item=30025,1,,,,,,,,,,,,,,,,,,,
Serpentshrine Cavern,Trash,Spyglass of the Hidden Fleet,https://tbc.wowhead.com/item=30620,1,,1,,,,,,,,,,,1,,,,,,
Serpentshrine Cavern,Trash,Totem of the Maelstrom,https://tbc.wowhead.com/item=30023,,,,,,,,,,,,1,,,,,,,,
Serpentshrine Cavern,Trash,Wildfury Greatstaff,https://tbc.wowhead.com/item=30021,,,1,,,,,,,,,,,,,,,,,
Serpentshrine Cavern,Hydross,Band of Vile Aggression,https://tbc.wowhead.com/item=33055,1,,1,,,,,,,,,,,,,,,,,
Serpentshrine Cavern,Hydross,Blackfathom Warbands,https://tbc.wowhead.com/item=30047,,,,,,,,,,,,2,,,1,,,,,
Serpentshrine Cavern,Hydross,Boots of the Shifting Nightmare,https://tbc.wowhead.com/item=30050,,,,,,,,,,1,,,,,,,,,2,
Serpentshrine Cavern,Hydross,Brighthelm of Justice,https://tbc.wowhead.com/item=30048,,,,,,,,,,,,,,,1,,,,,
Serpentshrine Cavern,Hydross,Fathomstone,https://tbc.wowhead.com/item=30049,,,,,,,,,,1,,,,,,,,,,
Serpentshrine Cavern,Hydross,Idol of the Crescent Goddess,https://tbc.wowhead.com/item=30051,,,,,1,,,,,,,,,,,,,,,
Serpentshrine Cavern,Hydross,Living Root of the Wildheart,https://tbc.wowhead.com/item=30664,,,1,1,1,,,,,,,,,,,,,,,
Serpentshrine Cavern,Hydross,Pauldrons of the Wardancer,https://tbc.wowhead.com/item=30053,,1,,,,,,,,,,,,,,2,,,,
Serpentshrine Cavern,Hydross,Ranger-General's Chestguard,https://tbc.wowhead.com/item=30054,,1,,,,,,,,,1,,,,,1,,,,
Serpentshrine Cavern,Hydross,Ring of Lethality,https://tbc.wowhead.com/item=30052,,,2,,,2,,,,,,,,,,,1,,,
Serpentshrine Cavern,Hydross,Robe of Hateful Echoes,https://tbc.wowhead.com/item=30056,-,-,-,-,-,-,-,-,-,-,-,-,-,-,-,-,-,-,-,No priority
Serpentshrine Cavern,Hydross,Scarab of Displacement,https://tbc.wowhead.com/item=30629,1,,1,,,,,,,,,,,1,,,,,,
Serpentshrine Cavern,Hydross,Shoulderpads of the Stranger,https://tbc.wowhead.com/item=30055,,2,4,,,,,,,,1,,,,,1,3,,,
Serpentshrine Cavern,Hydross,Wraps of Purification,https://tbc.wowhead.com/item=32516,,,,,2,,,,,,,3,,,4,,,1,,
Serpentshrine Cavern,Lurker Below,Ancestral Ring of Conquest,https://tbc.wowhead.com/item=30061,2,1,1,,,,,,,,,,,,,1,,,,
Serpentshrine Cavern,Lurker Below,Boots of Effortless Striking,https://tbc.wowhead.com/item=30060,,,1,,,,,,,,,,,,,,1,,,
Serpentshrine Cavern,Lurker Below,Bracers of Eradication,https://tbc.wowhead.com/item=30057,,1,,,,,,,,,,,,,,1,,,,
Serpentshrine Cavern,Lurker Below,Choker of Animalistic Fury,https://tbc.wowhead.com/item=30059,,1,,,,2,,,,,,,,,,,,,,
Serpentshrine Cavern,Lurker Below,Cord of Screaming Terrors,https://tbc.wowhead.com/item=30064,-,-,-,-,-,-,-,-,-,-,-,-,-,-,-,-,-,-,-,No priority
Serpentshrine Cavern,Lurker Below,Earring of Soulful Meditation,https://tbc.wowhead.com/item=30665,,,,,,,,,,,,,,,,,,1,,
Serpentshrine Cavern,Lurker Below,Glowing Breastplate of Truth,https://tbc.wowhead.com/item=30065,,,,,,,,,,,,,,,1,,,,,
Serpentshrine Cavern,Lurker Below,Grove-Bands of Remulos,https://tbc.wowhead.com/item=30062,,,,,1,,,,,,,,,,,,,,,
Serpentshrine Cavern,Lurker Below,Libram of Absolute Truth,https://tbc.wowhead.com/item=30063,,,,,,,,,,,,,,,1,,,,,
Serpentshrine Cavern,Lurker Below,Mallet of the Tides,https://tbc.wowhead.com/item=30058,1,,,,,,,,,,,,,,,,,,,
Serpentshrine Cavern,Lurker Below,Tempest-Strider Boots,https://tbc.wowhead.com/item=30066,,,,,,,,,,,,1,,,2,,,,,
Serpentshrine Cavern,Lurker Below,The Seal of Danzalar,https://tbc.wowhead.com/item=33054,,,,,,,,,,,,,,1,,,,,,
Serpentshrine Cavern,Lurker Below,Velvet Boots of the Guardian,https://tbc.wowhead.com/item=30067,,,,2,,,,,1,,,,2,,,,,,,
Serpentshrine Cavern,Leotheras,Coral-Barbed Shoulderpads,https://tbc.wowhead.com/item=30097,,,,,,,,,,,,1,,,2,,,,,
Serpentshrine Cavern,Leotheras,Fang of the Leviathan,https://tbc.wowhead.com/item=30095,,,,,,,1,1,,1,,,,1,,,,,,
Serpentshrine Cavern,Leotheras,Girdle of the Invulnerable,https://tbc.wowhead.com/item=30096,1,,,,,,,,,,,,,2,,,,,,
Serpentshrine Cavern,Leotheras,Gloves of the Vanquished Champion,https://tbc.wowhead.com/item=30239,,,,,,,,,,,2,3,3,1,3,3,1,,,
Serpentshrine Cavern,Leotheras,Gloves of the Vanquished Defender,https://tbc.wowhead.com/item=30240,2,3,1,2,2,,,,,,,,,,,,,1,2,
Serpentshrine Cavern,Leotheras,Gloves of the Vanquished Hero,https://tbc.wowhead.com/item=30241,,,,,,1,3,3,1,3,,,,,,,,,,
Serpentshrine Cavern,Leotheras,Orca-Hide Boots,https://tbc.wowhead.com/item=30092,,,,,1,,,,,,,2,,,3,,,,,
Serpentshrine Cavern,Leotheras,True-Aim Stalker Bands,https://tbc.wowhead.com/item=30091,,,,,,3,,,,,1,,,,,,,,,
Serpentshrine Cavern,Leotheras,Tsunami Talisman,https://tbc.wowhead.com/item=30627,,1,1,,,2,,,,,2,,,,,2,3,,,
Serpentshrine Cavern,Karathress,Bloodsea Brigand's Vest,https://tbc.wowhead.com/item=30101,,1,,,,,,,,,,,,,,,1,,,
Serpentshrine Cavern,Karathress,Fathom-Brooch of the Tidewalker,https://tbc.wowhead.com/item=30663,-,-,-,-,-,-,-,-,-,-,-,-,-,-,-,-,-,-,-,No priority
Serpentshrine Cavern,Karathress,Frayed Tether of the Drowned,https://tbc.wowhead.com/item=30099,1,,,,,,,,,,,,,,,,,,,
Serpentshrine Cavern,Karathress,Leggings of the Vanquished Champion,https://tbc.wowhead.com/item=30245,,,,,,,,,,,2,3,1,1,2,4,1,,,
Serpentshrine Cavern,Karathress,Leggings of the Vanquished Defender,https://tbc.wowhead.com/item=30246,2,3,1,3,3,,,,,,,,,,,,,1,2,
Serpentshrine Cavern,Karathress,Leggings of the Vanquished Hero,https://tbc.wowhead.com/item=30247,,,,,,1,2,2,1,1,,,,,,,,,,
Serpentshrine Cavern,Karathress,Sextant of Unstable Currents,https://tbc.wowhead.com/item=30626,-,-,-,-,-,-,-,-,-,-,-,-,-,-,-,-,-,-,-,No priority
Serpentshrine Cavern,Karathress,Soul-Strider Boots,https://tbc.wowhead.com/item=30100,,,,,2,,,,,,,,,,,,,1,,
Serpentshrine Cavern,Karathress,World Breaker,https://tbc.wowhead.com/item=30090,-,-,-,-,-,-,-,-,-,-,-,-,-,-,-,-,-,-,-,No priority
Serpentshrine Cavern,Morogrim,Band of the Vigilant,https://tbc.wowhead.com/item=33058,-,-,-,-,-,-,-,-,-,-,-,-,-,-,-,-,-,-,-,No priority
Serpentshrine Cavern,Morogrim,Girdle of the Tidal Call,https://tbc.wowhead.com/item=30068,-,-,-,-,-,-,-,-,-,-,-,-,-,-,-,-,-,-,-,No priority
Serpentshrine Cavern,Morogrim,Gnarled Chestpiece of the Ancients,https://tbc.wowhead.com/item=30075,-,-,-,-,-,-,-,-,-,-,-,-,-,-,-,-,-,-,-,No priority
Serpentshrine Cavern,Morogrim,Illidari Shoulderpads,https://tbc.wowhead.com/item=30079,-,-,-,-,-,-,-,-,-,-,-,-,-,-,-,-,-,-,-,No priority
Serpentshrine Cavern,Morogrim,Luminescent Rod of the Naaru,https://tbc.wowhead.com/item=30080,,,,,,,,,,,,,,,,,,1,,
Serpentshrine Cavern,Morogrim,Mantle of the Tireless Tracker,https://tbc.wowhead.com/item=30085,-,-,-,-,-,-,-,-,-,-,-,-,-,-,-,-,-,-,-,No priority
Serpentshrine Cavern,Morogrim,Pauldrons of the Argent Sentinel,https://tbc.wowhead.com/item=30084,,,,,,,,,,,,,,,,1,,,,
Serpentshrine Cavern,Morogrim,Pendant of the Lost Ages,https://tbc.wowhead.com/item=30008,-,-,-,-,-,-,-,-,-,-,-,-,-,-,-,-,-,-,-,No priority
Serpentshrine Cavern,Morogrim,Razor-Scale Battlecloak,https://tbc.wowhead.com/item=30098,,2,2,,,,,,,,2,,,,,1,,,,
Serpentshrine Cavern,Morogrim,Ring of Sundered Souls,https://tbc.wowhead.com/item=30083,1,,,,,,,,,,,,,,,,,,,
Serpentshrine Cavern,Morogrim,Serpent-Coil Braid,https://tbc.wowhead.com/item=30720,,,,,,,3,2,1,,,,,,,,,,,
Serpentshrine Cavern,Morogrim,Talon of Azshara,https://tbc.wowhead.com/item=30082,,2,,,,,,,,,,,,,,,1,,,
Serpentshrine Cavern,Morogrim,Warboots of Obliteration,https://tbc.wowhead.com/item=30081,,1,,,,,,,,,,,,,,,2,,,
Serpentshrine Cavern,Lady Vashj,Belt of One-Hundred Deaths,https://tbc.wowhead.com/item=30106,2,3,2,,,2,,,,,1,,,,,1,2,,,
Serpentshrine Cavern,Lady Vashj,Cobra-Lash Boots,https://tbc.wowhead.com/item=30104,,,,,,1,,,,,2,,,,,2,,,,
Serpentshrine Cavern,Lady Vashj,Coral Band of the Revived,https://tbc.wowhead.com/item=30110,,,,,1,,,,,,,2,,,2,,,1,,
Serpentshrine Cavern,Lady Vashj,Fang of Vashj,https://tbc.wowhead.com/item=30103,,,,,,,,,,,,,,,,,1,,,
Serpentshrine Cavern,Lady Vashj,Glorious Gauntlets of Crestfall,https://tbc.wowhead.com/item=30112,,,,,,,,,,,,,,,1,,,,,
Serpentshrine Cavern,Lady Vashj,Helm of the Vanquished Champion,https://tbc.wowhead.com/item=30242,,,,,,,,,,,1,1,3,1,1,2,1,,,
Serpentshrine Cavern,Lady Vashj,Helm of the Vanquished Defender,https://tbc.wowhead.com/item=30243,1,1,1,1,1,,,,,,,,,,,,,1,1,
Serpentshrine Cavern,Lady Vashj,Helm of the Vanquished Hero,https://tbc.wowhead.com/item=30244,,,,,,1,2,2,1,1,,,,,,,,,,
Serpentshrine Cavern,Lady Vashj,Krakken-Heart Breastplate,https://tbc.wowhead.com/item=30102,,2,,,,,,,,,,,,,,1,,,,
Serpentshrine Cavern,Lady Vashj,Lightfathom Scepter,https://tbc.wowhead.com/item=30108,,,,,1,,,,,,,1,,,1,,,1,,
Serpentshrine Cavern,Lady Vashj,Prism of Inner Calm,https://tbc.wowhead.com/item=30621,-,-,-,-,-,-,-,-,-,-,-,-,-,-,-,-,-,-,-,No priority
Serpentshrine Cavern,Lady Vashj,Ring of Endless Coils,https://tbc.wowhead.com/item=30109,,,,,1,,1,1,,1,,,2,,,,,,2,
Serpentshrine Cavern,Lady Vashj,Runetotem's Mantle,https://tbc.wowhead.com/item=30111,,,,,1,,,,,,,,,,,,,,,
Serpentshrine Cavern,Lady Vashj,Serpent Spine Longbow,https://tbc.wowhead.com/item=30105,,,,,,1,,,,,,,,,,,,,,
Serpentshrine Cavern,Lady Vashj,Vestments of the Sea-Witch,https://tbc.wowhead.com/item=30107,,,,,,,1,1,,1,,,2,,,,,,,
Black Temple,Trash,Band of Devastation,https://tbc.wowhead.com/item=32526,-,2,-,-,-,-,-,-,-,-,3,-,-,-,-,1,-,-,-,
Black Temple,Trash,Blessed Band of Karabor,https://tbc.wowhead.com/item=32528,-,-,-,-,1,-,-,-,-,-,-,3,-,-,4,-,-,2,-,
Black Temple,Trash,Boots of the Divine Light,https://tbc.wowhead.com/item=32609,-,-,-,-,-,-,-,-,-,-,-,-,-,-,-,-,-,-,-,TBD
Black Temple,Trash,Choker of Serrated Blades,https://tbc.wowhead.com/item=32591,-,-,-,-,-,3,-,-,-,-,-,-,-,-,-,-,-,-,-,TBD this is BIS for fury war
Black Temple,Trash,Claw of Molten Fury,https://tbc.wowhead.com/item=32946,-,-,-,-,-,-,-,-,-,-,-,-,-,-,-,-,-,-,-,TBD
Black Temple,Trash,Fist of Molten Fury,https://tbc.wowhead.com/item=32945,-,-,-,-,-,-,-,-,-,-,-,-,-,-,-,-,-,-,-,TBD
Black Temple,Trash,Girdle of the Lightbearer,https://tbc.wowhead.com/item=32606,-,-,-,-,-,-,-,-,-,-,-,-,-,-,-,1,-,-,-,
Black Temple,Trash,Hammer of Judgement,https://tbc.wowhead.com/item=34009,-,-,-,-,-,-,-,-,-,-,-,-,-,-,-,-,-,-,-,TBD
Black Temple,Trash,Hellfire-Encased Pendant,https://tbc.wowhead.com/item=32589,-,-,-,-,-,-,-,-,-,-,-,-,-,-,-,-,-,-,-,TBD
Black Temple,Trash,Illidari Runeshield,https://tbc.wowhead.com/item=34011,-,-,-,-,-,-,-,-,-,-,-,-,2,1,-,-,-,-,-,
Black Temple,Trash,Nethervoid Cloak,https://tbc.wowhead.com/item=32590,-,-,-,-,-,-,-,-,-,-,-,-,-,-,-,-,-,-,-,TBD
Black Temple,Trash,Pepe's Shroud of Pacification,https://tbc.wowhead.com/item=34010,-,-,-,-,-,-,-,-,-,-,-,-,-,-,-,-,-,-,-,TBD
Black Temple,Trash,Pillager's Gauntlets,https://tbc.wowhead.com/item=32608,-,1,-,-,-,-,-,-,-,-,-,-,-,-,-,2,-,-,-,
Black Temple,Trash,Ring of Ancient Knowledge,https://tbc.wowhead.com/item=32527,-,-,-,3,-,-,-,6,6,2,-,-,4,-,-,-,-,-,1,
Black Temple,Trash,Shroud of the Final Stand,https://tbc.wowhead.com/item=34012,-,-,-,-,-,-,-,-,-,-,-,2,-,-,1,-,-,-,-,
Black Temple,Trash,Swiftsteel Bludgeon,https://tbc.wowhead.com/item=32943,1,2,-,-,-,-,-,-,-,-,-,-,-,-,-,-,2,-,-,
Black Temple,Trash,Treads of the Den Mother,https://tbc.wowhead.com/item=32593,-,-,1,-,-,-,-,-,-,-,-,-,-,-,-,-,-,-,-,
Black Temple,Recipes,Pattern: Bracers of Nimble Thought,https://tbc.wowhead.com/item=32754,-,-,-,-,-,-,-,-,-,-,-,-,-,-,-,-,-,-,-,No priority
Black Temple,Recipes,Pattern: Bracers of Renewed Life,https://tbc.wowhead.com/item=32744,-,-,-,-,-,-,-,-,-,-,-,-,-,-,-,-,-,-,-,No priority
Black Temple,Recipes,Pattern: Living Earth Bindings,https://tbc.wowhead.com/item=32750,-,-,-,-,-,-,-,-,-,-,-,-,-,-,-,-,-,-,-,No priority
Black Temple,Recipes,Pattern: Shoulders of Lightning Reflexes,https://tbc.wowhead.com/item=32749,-,-,-,-,-,-,-,-,-,-,-,-,-,-,-,-,-,-,-,No priority
Black Temple,Recipes,Pattern: Swiftheal Mantle,https://tbc.wowhead.com/item=32753,-,-,-,-,-,-,-,-,-,-,-,-,-,-,-,-,-,-,-,No priority
Black Temple,Recipes,Pattern: Swiftstrike Shoulders,https://tbc.wowhead.com/item=32747,-,-,-,-,-,-,-,-,-,-,-,-,-,-,-,-,-,-,-,No priority
Black Temple,Recipes,Plans: Dawnsteel Bracers,https://tbc.wowhead.com/item=32738,-,-,-,-,-,-,-,-,-,-,-,-,-,-,-,-,-,-,-,No priority
Black Temple,Recipes,Plans: Swiftsteel Shoulders,https://tbc.wowhead.com/item=32737,-,-,-,-,-,-,-,-,-,-,-,-,-,-,-,-,-,-,-,No priority
Black Temple,Naj'entus,Boots of Oceanic Fury,https://tbc.wowhead.com/item=32242,-,-,-,-,-,-,-,-,-,-,-,-,1,-,-,-,-,-,-,
Black Temple,Naj'entus,Eternium Shell Bracers,https://tbc.wowhead.com/item=32232,1,-,-,-,-,-,-,-,-,-,-,-,-,1,-,-,-,-,-,
Black Temple,Naj'entus,Fists of Mukoa,https://tbc.wowhead.com/item=32234,-,-,-,-,-,2,-,-,-,-,1,-,-,-,-,3,-,-,-,
Black Temple,Naj'entus,Guise of the Tidal Lurker,https://tbc.wowhead.com/item=32240,-,-,-,-,3,-,-,-,-,-,-,1,-,-,2,-,-,-,-,
Black Temple,Naj'entus,Halberd of Desolation,https://tbc.wowhead.com/item=32248,-,-,-,-,-,1,-,-,-,-,-,-,-,-,-,-,-,-,-,
Black Temple,Naj'entus,Helm of Soothing Currents,https://tbc.wowhead.com/item=32241,-,-,-,-,-,-,-,-,-,-,-,1,-,-,2,-,-,-,-,
Black Temple,Naj'entus,Mantle of Darkness,https://tbc.wowhead.com/item=32377,-,-,-,-,-,-,-,-,-,-,1,-,-,-,-,-,2,-,-,
Black Temple,Naj'entus,Pearl Inlaid Boots,https://tbc.wowhead.com/item=32243,-,-,-,-,-,-,-,-,-,-,-,-,-,-,1,-,-,-,-,
Black Temple,Naj'entus,Ring of Calming Waves,https://tbc.wowhead.com/item=32238,-,-,-,3,-,-,-,-,-,-,-,2,-,-,1,-,-,-,-,
Black Temple,Naj'entus,Ring of Captured Storms,https://tbc.wowhead.com/item=32247,-,-,-,2,-,-,5,-,-,1,-,-,4,-,-,-,-,-,3,
Black Temple,Naj'entus,Rising Tide,https://tbc.wowhead.com/item=32236,1,-,-,-,-,-,-,-,-,-,1,-,-,-,-,-,-,-,-,
Black Temple,Naj'entus,Slippers of the Seacaller,https://tbc.wowhead.com/item=32239,-,-,-,1,-,-,-,1,1,2,-,-,4,-,-,-,-,-,5,No Priority
Black Temple,Naj'entus,The Maelstrom's Fury,https://tbc.wowhead.com/item=32237,-,-,-,1,-,-,-,2,2,2,-,-,1,-,-,-,-,-,3,
Black Temple,Naj'entus,Tide-stomper's Greaves,https://tbc.wowhead.com/item=32245,2,-,-,-,-,-,-,-,-,-,-,-,-,1,-,-,-,-,-,
Black Temple,Supremus,Band of the Abyssal Lord,https://tbc.wowhead.com/item=32261,1,-,2,-,-,-,-,-,-,-,-,-,-,3,-,-,-,-,-,
Black Temple,Supremus,Bands of the Coming Storm,https://tbc.wowhead.com/item=32259,-,-,-,-,-,-,-,-,-,-,-,-,1,-,-,-,-,-,-,
Black Temple,Supremus,Choker of Endless Nightmares,https://tbc.wowhead.com/item=32260,-,3,5,-,-,3,-,-,-,-,1,-,-,-,-,4,2,-,-,
Black Temple,Supremus,Felstone Bulwark,https://tbc.wowhead.com/item=32255,-,-,-,-,-,-,-,-,-,-,-,2,-,-,1,-,-,-,-,
Black Temple,Supremus,Idol of the White Stag,https://tbc.wowhead.com/item=32257,-,-,1,-,-,-,-,-,-,-,-,-,-,-,-,-,-,-,-,
Black Temple,Supremus,Legionkiller,https://tbc.wowhead.com/item=32253,1,-,-,-,-,2,-,-,-,-,-,-,-,-,-,-,-,-,-,
Black Temple,Supremus,Naturalist's Preserving Cinch,https://tbc.wowhead.com/item=32258,-,-,-,-,-,-,-,-,-,-,-,1,-,-,2,-,-,-,-,
Black Temple,Supremus,Nether Shadow Tunic,https://tbc.wowhead.com/item=32252,-,-,3,-,-,-,-,-,-,-,1,-,-,-,-,-,2,-,-,
Black Temple,Supremus,Pauldrons of Abyssal Fury,https://tbc.wowhead.com/item=32250,-,-,-,-,-,-,-,-,-,-,-,-,-,-,-,-,-,-,-,No Priority
Black Temple,Supremus,Syphon of the Nathrezim,https://tbc.wowhead.com/item=32262,-,2,-,-,-,-,-,-,-,-,1,-,-,-,-,-,-,-,-,
Black Temple,Supremus,The Brutalizer,https://tbc.wowhead.com/item=32254,1,-,-,-,-,-,-,-,-,-,-,-,-,-,-,-,-,-,-,
Black Temple,Supremus,Waistwrap of Infinity,https://tbc.wowhead.com/item=32256,-,-,-,3,-,-,-,5,5,2,-,-,4,-,-,-,-,-,1,
Black Temple,Supremus,Wraps of Precise Flight,https://tbc.wowhead.com/item=32251,-,-,-,-,-,-,-,-,-,-,-,-,-,-,-,-,-,-,-,No priority
Black Temple,Shade,Amice of Brilliant Light,https://tbc.wowhead.com/item=32273,-,-,-,-,-,-,-,-,-,-,-,-,-,-,-,-,-,-,-,No priority
Black Temple,Shade,Blind-Seers Icon,https://tbc.wowhead.com/item=32361,-,-,-,-,-,-,-,-,-,-,-,-,-,-,-,-,-,-,-,No priority
Black Temple,Shade,Flashfire Girdle,https://tbc.wowhead.com/item=32276,-,-,-,-,-,-,-,-,-,-,-,-,1,-,-,-,-,-,-,
Black Temple,Shade,Focused Mana Bindings,https://tbc.wowhead.com/item=32270,-,-,-,-,-,-,-,-,-,-,-,-,-,-,-,-,-,-,-,No priority
Black Temple,Shade,Grips of Silent Justice,https://tbc.wowhead.com/item=32278,-,1,-,-,-,-,-,-,-,-,-,-,-,-,-,2,-,-,-,
Black Temple,Shade,Kilt of Immortal Nature,https://tbc.wowhead.com/item=32271,-,-,-,-,1,-,-,-,-,-,-,2,-,-,3,-,-,-,-,
Black Temple,Shade,Myrmidon's Treads,https://tbc.wowhead.com/item=32268,1,-,-,-,-,-,-,-,-,-,-,-,-,2,-,-,-,-,-,
Black Temple,Shade,Praetorian's Legguards,https://tbc.wowhead.com/item=32263,1,-,-,-,-,-,-,-,-,-,-,-,-,2,-,-,-,-,-,
Black Temple,Shade,Ring of Deceitful Intent,https://tbc.wowhead.com/item=32266,5,5,2,-,-,3,-,-,-,-,4,-,-,-,-,5,1,-,-,
Black Temple,Shade,Shadow-walker's Cord,https://tbc.wowhead.com/item=32265,-,-,-,-,-,-,-,-,-,-,-,-,-,-,-,1,-,-,-,
Black Temple,Shade,Shoulders of the Hidden Predator,https://tbc.wowhead.com/item=32264,-,4,-,-,-,2,-,-,-,-,2,-,-,-,-,3,-,-,-,
Black Temple,Shade,Spiritwalker Gauntlets,https://tbc.wowhead.com/item=32275,-,-,-,-,-,-,-,-,-,-,-,1,-,-,2,-,-,-,-,
Black Temple,Shade,The Seeker's Wristguards,https://tbc.wowhead.com/item=32279,-,-,-,-,-,-,-,-,-,-,-,-,-,1,-,-,-,-,-,
Black Temple,Shade,Wristbands of Divine Influence,https://tbc.wowhead.com/item=32513,-,-,-,-,2,-,-,-,-,-,-,-,-,-,-,-,-,1,-,
Black Temple,Gorefiend,Botanist's Gloves of Growth,https://tbc.wowhead.com/item=32328,-,-,-,-,1,-,-,-,-,-,-,2,-,-,3,-,-,-,-,
Black Temple,Gorefiend,Cowl of Benevolence,https://tbc.wowhead.com/item=32329,-,-,-,-,2,-,-,-,-,-,-,-,-,-,-,-,-,1,-,
Black Temple,Gorefiend,Gauntlets of Enforcement,https://tbc.wowhead.com/item=32280,1,-,-,-,-,-,-,-,-,-,-,-,-,-,-,-,-,-,-,
Black Temple,Gorefiend,Girdle of Lordaeron's Fallen,https://tbc.wowhead.com/item=32512,-,-,-,-,-,-,-,-,-,-,-,-,-,-,1,-,-,-,-,
Black Temple,Gorefiend,Insidious Bands,https://tbc.wowhead.com/item=32324,-,4,-,-,-,1,-,-,-,-,3,-,-,-,-,-,1,-,-,
Black Temple,Gorefiend,Rifle of the Stoic Guardian,https://tbc.wowhead.com/item=32325,1,-,-,-,-,-,-,-,-,-,-,-,-,-,-,-,-,-,-,
Black Temple,Gorefiend,Robe of the Shadow Council,https://tbc.wowhead.com/item=32327,-,-,-,-,-,-,-,-,-,-,-,-,-,-,-,-,-,-,-,No Priority
Black Temple,Gorefiend,Shadowmoon Destroyer's Drape,https://tbc.wowhead.com/item=32323,-,2,3,-,-,2,-,-,-,-,1,-,-,-,-,4,1,-,-,
Black Temple,Gorefiend,Softstep Boots of Tracking,https://tbc.wowhead.com/item=32510,-,-,-,-,-,4,-,-,-,-,1,-,-,-,-,3,-,-,-,
Black Temple,Gorefiend,Soul Cleaver,https://tbc.wowhead.com/item=32348,-,-,-,-,-,-,-,-,-,-,-,-,-,-,-,-,-,-,-,No pririty
Black Temple,Gorefiend,Totem of Ancestral Guidance,https://tbc.wowhead.com/item=32330,-,-,-,-,-,-,-,-,-,-,-,-,1,-,-,-,-,-,-,
Black Temple,Gorefiend,Twisted Blades of Zarak,https://tbc.wowhead.com/item=32326,-,1,-,-,-,-,-,-,-,-,-,-,-,-,-,-,2,-,-,
Black Temple,Gurtogg,Belt of Primal Majesty,https://tbc.wowhead.com/item=32339,-,-,-,-,1,-,-,-,-,-,-,2,-,-,3,-,-,-,-,
Black Temple,Gurtogg,Blood-cursed Shoulderpads,https://tbc.wowhead.com/item=32338,-,-,-,-,-,-,-,-,-,-,-,-,-,-,-,-,-,-,-,No Priority
Black Temple,Gurtogg,Garments of Temperance,https://tbc.wowhead.com/item=32340,-,-,-,-,-,-,-,-,-,-,-,-,-,-,-,-,-,-,-,No Priority
Black Temple,Gurtogg,Girdle of Mighty Resolve,https://tbc.wowhead.com/item=32342,-,-,-,-,-,-,-,-,-,-,-,-,-,1,-,-,-,-,-,
Black Temple,Gurtogg,Girdle of Stability,https://tbc.wowhead.com/item=32333,1,-,-,-,-,-,-,-,-,-,-,-,-,2,-,-,-,-,-,
Black Temple,Gurtogg,Leggings of Divine Retribution,https://tbc.wowhead.com/item=32341,-,1,-,-,-,-,-,-,-,-,-,-,-,-,-,2,-,-,-,
Black Temple,Gurtogg,Messenger of Fate,https://tbc.wowhead.com/item=32269,-,-,-,-,-,1,-,-,-,-,-,-,-,-,-,-,-,-,-,
Black Temple,Gurtogg,Shadowmoon Insignia,https://tbc.wowhead.com/item=32501,2,-,1,-,-,-,-,-,-,-,-,-,-,3,-,-,-,-,-,
Black Temple,Gurtogg,Shroud of Forgiveness,https://tbc.wowhead.com/item=32337,-,-,-,-,1,-,-,-,-,-,-,-,-,-,-,-,-,1,-,
Black Temple,Gurtogg,Staff of Immaculate Recovery,https://tbc.wowhead.com/item=32344,-,-,-,-,1,-,-,-,-,-,-,-,-,-,-,-,-,1,-,
Black Temple,Gurtogg,Unstoppable Aggressor's Ring,https://tbc.wowhead.com/item=32335,-,1,-,-,-,-,-,-,-,-,3,-,-,-,-,2,-,-,-,
Black Temple,Gurtogg,Vest of Mounting Assault,https://tbc.wowhead.com/item=32334,-,-,-,-,-,-,-,-,-,-,-,-,-,-,-,-,-,-,-,No Priority
Black Temple,Gurtogg,Wand of Prismatic Focus,https://tbc.wowhead.com/item=32343,-,-,-,-,-,-,-,3,3,2,-,-,-,-,-,-,-,-,1,TBD
Black Temple,Reliquary,Boneweave Girdle,https://tbc.wowhead.com/item=32346,-,4,-,-,-,1,-,-,-,-,2,-,-,-,-,3,-,-,-,
Black Temple,Reliquary,Crown of Empowered Fate,https://tbc.wowhead.com/item=32354,-,-,-,-,-,-,-,-,-,-,-,-,-,-,1,-,-,-,-,
Black Temple,Reliquary,Dreadboots of the Legion,https://tbc.wowhead.com/item=32345,3,1,-,-,-,-,-,-,-,-,-,-,-,-,-,2,-,-,-,
Black Temple,Reliquary,Elunite Empowered Bracers,https://tbc.wowhead.com/item=32351,-,-,-,1,-,-,-,-,-,-,-,-,-,-,-,-,-,-,-,
Black Temple,Reliquary,Gloves of Unfailing Faith,https://tbc.wowhead.com/item=32353,-,-,-,-,-,-,-,-,-,-,-,3,-,-,2,-,-,1,-,
Black Temple,Reliquary,Grips of Damnation,https://tbc.wowhead.com/item=32347,-,3,-,-,-,4,-,-,-,-,1,-,-,-,-,2,5,-,-,
Black Temple,Reliquary,Naaru-Blessed Life Rod,https://tbc.wowhead.com/item=32363,-,-,-,-,-,-,-,-,-,-,-,-,-,-,-,-,-,1,-,
Black Temple,Reliquary,Naturewarden's Treads,https://tbc.wowhead.com/item=32352,-,-,-,1,-,-,-,-,-,-,-,-,2,-,-,-,-,-,-,
Black Temple,Reliquary,Pendant of Titans,https://tbc.wowhead.com/item=32362,1,-,2,-,-,-,-,-,-,-,-,-,-,-,-,-,-,-,-,
Black Temple,Reliquary,The Wavemender's Mantle,https://tbc.wowhead.com/item=32517,-,-,-,-,-,-,-,-,-,-,-,-,-,-,-,-,-,-,-,No priority
Black Temple,Reliquary,Torch of the Damned,https://tbc.wowhead.com/item=32332,-,-,-,-,-,-,-,-,-,-,-,-,-,-,-,1,-,-,-,
Black Temple,Reliquary,Touch of Inspiration,https://tbc.wowhead.com/item=32350,-,-,-,-,1,-,-,-,-,-,-,-,-,-,-,-,-,1,-,
Black Temple,Reliquary,Translucent Spellthread Necklace,https://tbc.wowhead.com/item=32349,-,-,-,2,-,-,-,4,4,1,-,-,5,-,-,-,-,-,3,
Black Temple,Shahraz,Blade of Savagery,https://tbc.wowhead.com/item=32369,2,3,-,-,-,4,-,-,-,-,-,-,-,-,-,-,1,-,-,
Black Temple,Shahraz,Heartshatter Breastplate,https://tbc.wowhead.com/item=32365,-,1,-,-,-,-,-,-,-,-,-,-,-,-,-,-,-,-,-,
Black Temple,Shahraz,Leggings of Devastation,https://tbc.wowhead.com/item=32367,-,-,-,-,-,-,-,-,-,-,-,-,-,-,-,-,-,-,-,No priority
Black Temple,Shahraz,Nadina's Pendant of Purity,https://tbc.wowhead.com/item=32370,-,-,-,-,4,-,-,-,-,-,-,2,-,-,1,-,-,3,-,
Black Temple,Shahraz,Pauldrons of the Forgotten Conqueror,https://tbc.wowhead.com/item=31101,-,-,-,-,-,-,-,-,-,2,-,-,-,1,3,5,-,4,5,
Black Temple,Shahraz,Pauldrons of the Forgotten Protector,https://tbc.wowhead.com/item=31103,5,4,-,-,-,1,-,-,-,-,5,1,2,-,-,-,-,-,-,
Black Temple,Shahraz,Pauldrons of the Forgotten Vanquisher,https://tbc.wowhead.com/item=31102,-,-,1,3,5,-,-,4,5,-,-,-,-,-,-,-,2,-,-,
Black Temple,Shahraz,Shadowmaster's Boots,https://tbc.wowhead.com/item=32366,-,-,3,-,-,2,-,-,-,-,5,-,-,-,-,1,4,-,-,
Black Temple,Shahraz,Tome of the Lightbringer,https://tbc.wowhead.com/item=32368,-,-,-,-,-,-,-,-,-,-,-,-,-,1,-,-,-,-,-,
Black Temple,Council,Belt of Divine Guidance,https://tbc.wowhead.com/item=32519,-,-,-,-,1,-,-,-,-,-,-,-,-,-,-,-,-,2,-,
Black Temple,Council,Cloak of the Illidari Council,https://tbc.wowhead.com/item=32331,-,-,-,1,-,-,-,1,1,2,-,-,1,-,-,-,-,-,3,
Black Temple,Council,Forest Prowler's Helm,https://tbc.wowhead.com/item=32376,-,-,-,-,-,1,-,-,-,-,2,-,-,-,-,1,-,-,-,
Black Temple,Council,Helm of the Illidari Shatterer,https://tbc.wowhead.com/item=32373,-,1,-,-,-,-,-,-,-,-,-,-,-,-,-,2,-,-,-,
Black Temple,Council,Leggings of the Forgotten Conqueror,https://tbc.wowhead.com/item=31098,-,-,-,-,-,-,-,-,-,2,-,-,-,1,3,4,-,5,5,
Black Temple,Council,Leggings of the Forgotten Protector,https://tbc.wowhead.com/item=31100,3,3,-,-,-,2,-,-,-,-,5,1,4,-,-,-,-,-,-,
Black Temple,Council,Leggings of the Forgotten Vanquisher,https://tbc.wowhead.com/item=31099,-,-,1,4,5,-,-,3,-,-,-,-,-,-,-,-,2,-,-,
Black Temple,Council,Madness of the Betrayer,https://tbc.wowhead.com/item=32505,-,1,4,-,-,1,-,-,-,-,3,-,-,-,-,-,5,-,-,
Black Temple,Council,Veil of Turning Leaves,https://tbc.wowhead.com/item=32518,-,-,-,-,1,-,-,-,-,-,-,-,-,-,-,-,-,-,-,
Black Temple,Illidan,Black Bow of the Betrayer,https://tbc.wowhead.com/item=32336,-,-,-,-,-,1,-,-,-,-,-,-,-,-,-,-,-,-,-,
Black Temple,Illidan,Bulwark of Azzinoth,https://tbc.wowhead.com/item=32375,1,-,-,-,-,-,-,-,-,-,-,-,-,2,-,-,-,-,-,"Technically better for paladin, but warrior get way less (especially tier). Warrior probably should pass if they get Kaz'rogal's Hardened Heart.Pallies can pass if they get Antonidas's Aegis of Rapt Concentration or even Illidari Runeshield."
Black Temple,Illidan,Chestguard of the Forgotten Conqueror,https://tbc.wowhead.com/item=31089,-,-,-,-,-,-,-,-,-,2,-,-,-,1,2,5,-,3,4,
Black Temple,Illidan,Chestguard of the Forgotten Protector,https://tbc.wowhead.com/item=31091,5,4,-,-,-,3,-,-,-,-,5,1,2,-,-,-,-,-,-,Mega-BIS for dps warr
Black Temple,Illidan,Chestguard of the Forgotten Vanquisher,https://tbc.wowhead.com/item=31090,-,-,1,3,4,-,-,3,5,-,-,-,-,-,-,-,2,-,-,
Black Temple,Illidan,Cowl of the Illidari High Lord,https://tbc.wowhead.com/item=32525,-,-,-,3,-,-,-,1,-,2,-,-,4,-,-,-,-,-,-,
Black Temple,Illidan,Crystal Spire of Karabor,https://tbc.wowhead.com/item=32500,-,-,-,-,4,-,-,-,-,-,-,2,-,-,3,-,-,1,-,
Black Temple,Illidan,Cursed Vision of Sargeras,https://tbc.wowhead.com/item=32235,-,3,-,-,-,2,-,-,-,-,1,-,-,-,-,2,4,-,-,This is actual BIS for fury warrior.
Black Temple,Illidan,Faceplate of the Impenetrable,https://tbc.wowhead.com/item=32521,1,-,-,-,-,-,-,-,-,-,-,-,-,2,-,-,-,-,-,
Black Temple,Illidan,Memento of Tyrande,https://tbc.wowhead.com/item=32496,-,-,-,-,3,-,-,-,-,-,-,2,-,-,1,-,-,4,-,
Black Temple,Illidan,Shard of Azzinoth,https://tbc.wowhead.com/item=32471,-,-,-,-,-,-,-,-,-,-,-,-,-,-,-,-,1,-,-,
Black Temple,Illidan,Shroud of the Highborne,https://tbc.wowhead.com/item=32524,-,-,-,-,3,-,-,-,-,-,-,1,-,-,4,-,-,2,-,
Black Temple,Illidan,Stormrage Signet Ring,https://tbc.wowhead.com/item=32497,5,3,4,-,-,-,-,-,-,-,2,-,-,-,-,5,1,-,-,
Black Temple,Illidan,The Skull of Gul'dan,https://tbc.wowhead.com/item=32483,-,-,-,2,-,-,-,2,2,1,-,2,-,-,-,-,-,-,3,
Black Temple,Illidan,Warglaive of Azzinoth (mainhand),https://tbc.wowhead.com/item=32837,-,-,-,-,-,-,-,-,-,-,-,-,-,-,-,-,-,-,-,Secret (but actually Manmetz gets 1st)
Black Temple,Illidan,Warglaive of Azzinoth (offhand),https://tbc.wowhead.com/item=32838,-,-,-,-,-,-,-,-,-,-,-,-,-,-,-,-,-,-,-,Secret (but actually Manmetz gets 1st)
Black Temple,Illidan,"Zhar'doom, Greatstaff of the Devourer",https://tbc.wowhead.com/item=32374,-,-,-,1,-,-,-,1,2,1,-,-,1,-,-,-,-,-,1,
Hyjal Summit,Trash,Boots of the Divine Light,https://tbc.wowhead.com/item=32609,-,-,-,-,2,-,-,-,-,-,-,3,-,-,4,-,-,1,-,
Hyjal Summit,Trash,Chestguard of Relentless Storms,https://tbc.wowhead.com/item=32592,-,-,-,-,-,-,-,-,-,-,-,-,1,-,-,-,-,-,-,
Hyjal Summit,Trash,Choker of Serrated Blades,https://tbc.wowhead.com/item=32591,-,1,-,-,-,1,-,-,-,-,-,-,-,-,-,-,-,-,-,
Hyjal Summit,Trash,Claw of Molten Fury,https://tbc.wowhead.com/item=32946,-,-,-,-,-,-,-,-,-,-,1,-,-,-,-,-,-,-,-,
Hyjal Summit,Trash,Fist of Molten Fury,https://tbc.wowhead.com/item=32945,-,-,-,-,-,1,-,-,-,-,-,-,-,-,-,-,-,-,-,
Hyjal Summit,Trash,Hammer of Judgement,https://tbc.wowhead.com/item=34009,-,-,-,3,-,-,-,-,-,-,-,-,3,1,-,-,-,-,2,
Hyjal Summit,Trash,Hellfire-Encased Pendant,https://tbc.wowhead.com/item=32589,-,-,-,-,-,-,-,1,-,1,-,-,-,-,-,-,-,-,-,
Hyjal Summit,Trash,Nethervoid Cloak,https://tbc.wowhead.com/item=32590,-,-,-,-,-,-,-,-,-,2,-,-,-,-,-,-,-,-,1,
Hyjal Summit,Trash,Pepe's Shroud of Pacification,https://tbc.wowhead.com/item=34010,1,-,2,-,-,-,-,-,-,-,-,-,-,-,-,-,-,-,-,
Hyjal Summit,Recipes,Design: Flashing Crimson Spinel,https://tbc.wowhead.com/item=32285,-,-,-,-,-,-,-,-,-,-,-,-,-,-,-,-,-,-,-,No priority
Hyjal Summit,Recipes,Design: Great Lionseye,https://tbc.wowhead.com/item=32296,-,-,-,-,-,-,-,-,-,-,-,-,-,-,-,-,-,-,-,No priority
Hyjal Summit,Recipes,Design: Inscribed Pyrestone,https://tbc.wowhead.com/item=32303,-,-,-,-,-,-,-,-,-,-,-,-,-,-,-,-,-,-,-,No priority
Hyjal Summit,Recipes,Design: Mystic Lionseye,https://tbc.wowhead.com/item=32295,-,-,-,-,-,-,-,-,-,-,-,-,-,-,-,-,-,-,-,No priority
Hyjal Summit,Recipes,Design: Shifting Shadowsong Amethyst,https://tbc.wowhead.com/item=32298,-,-,-,-,-,-,-,-,-,-,-,-,-,-,-,-,-,-,-,No priority
Hyjal Summit,Recipes,Design: Sovereign Shadowsong Amethyst,https://tbc.wowhead.com/item=32297,-,-,-,-,-,-,-,-,-,-,-,-,-,-,-,-,-,-,-,No priority
Hyjal Summit,Recipes,Design: Stormy Empyrean Sapphire,https://tbc.wowhead.com/item=32289,-,-,-,-,-,-,-,-,-,-,-,-,-,-,-,-,-,-,-,No priority
Hyjal Summit,Recipes,Design: Veiled Pyrestone,https://tbc.wowhead.com/item=32307,-,-,-,-,-,-,-,-,-,-,-,-,-,-,-,-,-,-,-,No priority
Hyjal Summit,Recipes,Pattern: Bindings of Lightning Reflexes,https://tbc.wowhead.com/item=32748,-,-,-,-,-,-,-,-,-,-,-,-,-,-,-,-,-,-,-,No priority
Hyjal Summit,Recipes,Pattern: Living Earth Shoulders,https://tbc.wowhead.com/item=32751,-,-,-,-,-,-,-,-,-,-,-,-,-,-,-,-,-,-,-,No priority
Hyjal Summit,Recipes,Pattern: Mantle of Nimble Thought,https://tbc.wowhead.com/item=32755,-,-,-,-,-,-,-,-,-,-,-,-,-,-,-,-,-,-,-,No priority
Hyjal Summit,Recipes,Pattern: Shoulderpads of Renewed Life,https://tbc.wowhead.com/item=32745,-,-,-,-,-,-,-,-,-,-,-,-,-,-,-,-,-,-,-,No priority
Hyjal Summit,Recipes,Pattern: Swiftheal Wraps,https://tbc.wowhead.com/item=32752,-,-,-,-,-,-,-,-,-,-,-,-,-,-,-,-,-,-,-,No priority
Hyjal Summit,Recipes,Pattern: Swiftstrike Bracers,https://tbc.wowhead.com/item=32746,-,-,-,-,-,-,-,-,-,-,-,-,-,-,-,-,-,-,-,No priority
Hyjal Summit,Recipes,Plans: Dawnsteel Shoulders,https://tbc.wowhead.com/item=32739,-,-,-,-,-,-,-,-,-,-,-,-,-,-,-,-,-,-,-,No priority
Hyjal Summit,Recipes,Plans: Fel Edged Battleaxe,https://tbc.wowhead.com/item=23631,-,-,-,-,-,-,-,-,-,-,-,-,-,-,-,-,-,-,-,No priority
Hyjal Summit,Recipes,Plans: Swiftsteel Bracers,https://tbc.wowhead.com/item=32736,-,-,-,-,-,-,-,-,-,-,-,-,-,-,-,-,-,-,-,No priority
Hyjal Summit,Winterchill,Blessed Adamantite Bracers,https://tbc.wowhead.com/item=30862,-,-,-,-,-,-,-,-,-,-,-,-,-,-,1,-,-,-,-,
Hyjal Summit,Winterchill,Blood-stained Pauldrons,https://tbc.wowhead.com/item=30866,-,1,-,-,-,-,-,-,-,-,-,-,-,-,-,2,-,-,-,
Hyjal Summit,Winterchill,Bracers of Martyrdom,https://tbc.wowhead.com/item=30871,-,-,-,-,2,-,-,-,-,-,-,-,-,-,-,-,-,1,-,
Hyjal Summit,Winterchill,Bracers of the Pathfinder,https://tbc.wowhead.com/item=30864,-,-,-,-,-,-,-,-,-,-,-,-,-,-,-,-,-,-,-,No Priority
Hyjal Summit,Winterchill,Chronicle of Dark Secrets,https://tbc.wowhead.com/item=30872,-,-,-,1,-,-,-,2,2,1,-,-,3,-,-,-,-,-,4,
Hyjal Summit,Winterchill,Cuffs of Devastation,https://tbc.wowhead.com/item=30870,-,-,-,2,-,-,-,-,1,2,-,-,2,-,-,-,-,-,3,
Hyjal Summit,Winterchill,Deadly Cuffs,https://tbc.wowhead.com/item=30863,-,1,-,-,-,3,-,-,-,-,2,-,-,-,-,-,4,-,-,
Hyjal Summit,Winterchill,Furious Shackles,https://tbc.wowhead.com/item=30861,-,1,-,-,-,-,-,-,-,-,-,-,-,-,-,1,-,-,-,
Hyjal Summit,Winterchill,Howling Wind Bracers,https://tbc.wowhead.com/item=30869,-,-,-,-,-,-,-,-,-,-,-,1,-,-,2,-,-,-,-,
Hyjal Summit,Winterchill,Rejuvenating Bracers,https://tbc.wowhead.com/item=30868,-,-,-,-,1,-,-,-,-,-,-,-,-,-,-,-,-,-,-,
Hyjal Summit,Winterchill,Stillwater Boots,https://tbc.wowhead.com/item=30873,-,-,-,-,-,-,-,-,-,-,-,-,-,-,-,-,-,-,-,No Priority
Hyjal Summit,Winterchill,Tracker's Blade,https://tbc.wowhead.com/item=30865,-,-,-,-,-,-,-,-,-,-,-,-,-,-,-,-,-,-,-,No Priority
Hyjal Summit,Anetheron,Anetheron's Noose,https://tbc.wowhead.com/item=30888,-,-,-,2,-,-,-,1,1,3,-,-,4,-,-,-,-,-,5,
Hyjal Summit,Anetheron,Archbishop's Slippers,https://tbc.wowhead.com/item=30885,-,-,-,-,2,-,-,-,-,-,-,-,-,-,-,-,-,1,-,
Hyjal Summit,Anetheron,Bastion of Light,https://tbc.wowhead.com/item=30882,-,-,-,-,-,-,-,-,-,-,-,1,-,-,2,-,-,-,-,
Hyjal Summit,Anetheron,Blade of Infamy,https://tbc.wowhead.com/item=30881,-,2,-,-,-,3,-,-,-,-,-,-,-,-,-,-,1,-,-,
Hyjal Summit,Anetheron,Don Alejandro's Money Belt,https://tbc.wowhead.com/item=30879,-,4,-,-,-,1,-,-,-,-,3,-,-,-,-,2,-,-,-,
Hyjal Summit,Anetheron,Enchanted Leather Sandals,https://tbc.wowhead.com/item=30886,-,-,-,-,-,-,-,-,-,-,-,-,-,-,-,-,-,-,-,No Priority
Hyjal Summit,Anetheron,Glimmering Steel Mantle,https://tbc.wowhead.com/item=30878,-,-,-,-,-,-,-,-,-,-,-,-,-,-,1,-,-,-,-,
Hyjal Summit,Anetheron,Golden Links of Restoration,https://tbc.wowhead.com/item=30887,-,-,-,-,-,-,-,-,-,-,-,-,-,-,-,-,-,-,-,No Priority
Hyjal Summit,Anetheron,Hatefury Mantle,https://tbc.wowhead.com/item=30884,-,-,-,-,-,-,-,-,-,-,-,-,-,-,-,-,-,-,-,No Priority
Hyjal Summit,Anetheron,Pillar of Ferocity,https://tbc.wowhead.com/item=30883,-,-,1,-,-,-,-,-,-,-,-,-,-,-,-,-,-,-,-,
Hyjal Summit,Anetheron,Quickstrider Moccasins,https://tbc.wowhead.com/item=30880,-,-,-,-,-,3,-,-,-,-,1,-,-,-,-,2,-,-,-,
Hyjal Summit,Anetheron,The Unbreakable Will,https://tbc.wowhead.com/item=30874,1,-,-,-,-,-,-,-,-,-,-,-,-,-,-,-,-,-,-,
Hyjal Summit,Kaz'rogal,Angelista's Sash,https://tbc.wowhead.com/item=30895,-,-,-,-,2,-,-,-,-,-,-,-,-,-,-,-,-,1,-,
Hyjal Summit,Kaz'rogal,Beast-tamer's Shoulders,https://tbc.wowhead.com/item=30892,-,-,-,-,-,1,-,-,-,-,-,-,-,-,-,-,-,-,-,
Hyjal Summit,Kaz'rogal,Belt of Seething Fury,https://tbc.wowhead.com/item=30915,-,-,-,-,-,-,-,-,-,-,-,-,-,-,-,-,-,-,-,No Priority
Hyjal Summit,Kaz'rogal,Belt of the Crescent Moon,https://tbc.wowhead.com/item=30914,-,-,-,1,-,-,-,-,-,-,-,-,2,-,-,-,-,-,-,
Hyjal Summit,Kaz'rogal,Black Featherlight Boots,https://tbc.wowhead.com/item=30891,-,-,-,-,-,-,-,-,-,-,-,-,-,-,-,-,-,-,-,No Priority
Hyjal Summit,Kaz'rogal,Blue Suede Shoes,https://tbc.wowhead.com/item=30894,-,-,-,-,-,-,-,-,-,-,-,-,-,-,-,-,-,-,-,No Priority
Hyjal Summit,Kaz'rogal,Hammer of Atonement,https://tbc.wowhead.com/item=30918,-,-,-,-,4,-,-,-,-,-,-,2,-,-,1,-,-,3,-,
Hyjal Summit,Kaz'rogal,Kaz'rogal's Hardened Heart,https://tbc.wowhead.com/item=30889,1,-,-,-,-,-,-,-,-,-,-,-,-,-,-,-,-,-,-,
Hyjal Summit,Kaz'rogal,Leggings of Channeled Elements,https://tbc.wowhead.com/item=30916,-,-,-,1,-,-,-,4,4,4,-,-,2,-,-,-,-,-,3,
Hyjal Summit,Kaz'rogal,Razorfury Mantle,https://tbc.wowhead.com/item=30917,-,-,-,-,-,-,-,-,-,-,-,-,-,-,-,-,-,-,-,No Priority
Hyjal Summit,Kaz'rogal,Sun-touched Chain Leggings,https://tbc.wowhead.com/item=30893,-,-,-,-,-,-,-,-,-,-,-,1,-,-,2,-,-,-,-,
Hyjal Summit,Kaz'rogal,Valestalker Girdle,https://tbc.wowhead.com/item=30919,-,-,-,-,-,-,-,-,-,-,-,-,-,-,-,-,-,-,-,No Priority
Hyjal Summit,Azgalor,Boundless Agony,https://tbc.wowhead.com/item=30901,-,-,-,-,-,1,-,-,-,-,-,-,-,-,-,-,-,-,-,
Hyjal Summit,Azgalor,Bow-stitched Leggings,https://tbc.wowhead.com/item=30900,-,-,-,-,-,1,-,-,-,-,2,-,-,-,-,3,-,-,-,
Hyjal Summit,Azgalor,Don Rodrigo's Poncho,https://tbc.wowhead.com/item=30899,-,-,-,-,1,-,-,-,-,-,-,-,-,-,-,-,-,-,-,
Hyjal Summit,Azgalor,Girdle of Hope,https://tbc.wowhead.com/item=30897,-,-,-,-,-,-,-,-,-,-,-,-,-,-,1,-,-,-,-,
Hyjal Summit,Azgalor,Glory of the Defender,https://tbc.wowhead.com/item=30896,1,-,-,-,-,-,-,-,-,-,-,-,-,-,-,-,-,-,-,
Hyjal Summit,Azgalor,Gloves of the Forgotten Conqueror,https://tbc.wowhead.com/item=31092,-,-,-,-,-,-,-,-,-,2,-,-,-,1,5,5,-,3,4,
Hyjal Summit,Azgalor,Gloves of the Forgotten Protector,https://tbc.wowhead.com/item=31094,5,3,-,-,-,2,-,-,-,-,5,4,1,-,-,-,-,-,-,
Hyjal Summit,Azgalor,Gloves of the Forgotten Vanquisher,https://tbc.wowhead.com/item=31093,-,-,1,3,5,-,-,4,5,-,-,-,-,-,-,-,2,-,-,
Hyjal Summit,Azgalor,Shady Dealer's Pantaloons,https://tbc.wowhead.com/item=30898,-,-,-,-,-,-,-,-,-,-,-,-,-,-,-,-,-,-,-,No Priority
Hyjal Summit,Archimonde,Antonidas's Aegis of Rapt Concentration,https://tbc.wowhead.com/item=30909,-,-,-,-,-,-,-,-,-,-,-,-,1,2,-,-,-,-,-,
Hyjal Summit,Archimonde,Apostle of Argus,https://tbc.wowhead.com/item=30908,-,-,-,-,1,-,-,-,-,-,-,3,-,-,-,-,-,2,-,
Hyjal Summit,Archimonde,Bristleblitz Striker,https://tbc.wowhead.com/item=30906,-,-,-,-,-,1,-,-,-,-,-,-,-,-,-,-,-,-,-,
Hyjal Summit,Archimonde,Cataclysm's Edge,https://tbc.wowhead.com/item=30902,-,1,-,-,-,-,-,-,-,-,-,-,-,-,-,-,-,-,-,
Hyjal Summit,Archimonde,Helm of the Forgotten Conqueror,https://tbc.wowhead.com/item=31097,-,-,-,-,-,-,-,-,-,2,-,-,-,1,3,5,-,4,5,
Hyjal Summit,Archimonde,Helm of the Forgotten Protector,https://tbc.wowhead.com/item=31095,5,4,-,-,-,3,-,-,-,-,5,1,2,-,-,-,-,-,-,This is 2nd BIS for fury warrior (cursed vision is 1st)
Hyjal Summit,Archimonde,Helm of the Forgotten Vanquisher,https://tbc.wowhead.com/item=31096,-,-,1,3,3,-,-,4,5,-,-,-,-,-,-,-,2,-,-,
Hyjal Summit,Archimonde,Leggings of Eternity,https://tbc.wowhead.com/item=30912,-,-,-,-,2,-,-,-,-,-,-,4,-,-,3,-,-,1,-,
Hyjal Summit,Archimonde,Legguards of Endless Rage,https://tbc.wowhead.com/item=30903,-,1,-,-,-,-,-,-,-,-,-,-,-,-,-,2,-,-,-,
Hyjal Summit,Archimonde,Mail of Fevered Pursuit,https://tbc.wowhead.com/item=30907,-,-,-,-,-,2,-,-,-,-,3,-,-,-,-,1,-,-,-,
Hyjal Summit,Archimonde,Midnight Chestguard,https://tbc.wowhead.com/item=30905,-,-,-,-,-,-,-,-,-,-,1,-,-,-,-,2,-,-,-,
Hyjal Summit,Archimonde,Robes of Rhonin,https://tbc.wowhead.com/item=30913,-,-,-,-,-,-,-,-,-,-,-,-,-,-,-,-,-,-,-,No Priority
Hyjal Summit,Archimonde,Savior's Grasp,https://tbc.wowhead.com/item=30904,-,-,-,-,-,-,-,-,-,-,-,-,-,-,1,-,-,-,-,
Hyjal Summit,Archimonde,Scepter of Purification,https://tbc.wowhead.com/item=30911,-,-,-,-,2,-,-,-,-,-,-,-,-,-,-,-,-,1,-,
Hyjal Summit,Archimonde,Tempest of Chaos,https://tbc.wowhead.com/item=30910,-,-,-,-,-,-,-,2,-,2,-,-,-,1,-,-,-,-,-,